Date,Open Price,High Price,Low Price,Close Price,WAP,No.of Shares,No. of Trades,Total Turnover (Rs.),Deliverable Quantity,% Deli. Qty to Traded Qty,Spread High-Low,Spread Close-Open
29-December-2017,203.55,206.50,201.00,201.85,202.760379596678529062,3372,68,683708.00,2202,65.30,5.50,-1.70
28-December-2017,202.00,207.60,199.55,202.80,203.118439386901997213,8612,196,1749256.00,5063,58.79,8.05,0.80
27-December-2017,209.10,213.60,195.20,197.80,202.801825241163991514,24983,426,5066598.00,14168,56.71,18.40,-11.30
26-December-2017,216.50,219.90,207.20,209.70,213.418006973343830840,17782,363,3794999.00,7540,42.40,12.70,-6.80
22-December-2017,218.95,233.60,212.40,218.15,223.089049019135296669,165976,2710,37027428.00,60121,36.22,21.20,-0.80
21-December-2017,188.30,217.00,186.00,211.60,203.494374383901560216,176514,2547,35919606.00,63475,35.96,31.00,23.30
20-December-2017,171.40,186.80,171.40,185.15,182.675916812871753177,46738,605,8537907.00,34520,73.86,15.40,13.75
19-December-2017,168.50,172.00,168.50,169.50,170.573665707893895813,3129,51,533725.00,1709,54.62,3.50,1.00
18-December-2017,173.90,173.90,161.35,168.30,169.585345192714951291,2361,66,400391.00,1570,66.50,12.55,-5.60
15-December-2017,172.20,172.70,169.00,170.00,171.117014547754585705,3162,47,541072.00,2785,88.08,3.70,-2.20
14-December-2017,174.00,175.75,165.80,169.20,168.115678524374176548,3795,76,637999.00,2576,67.88,9.95,-4.80
13-December-2017,165.65,176.00,163.00,171.30,170.388964423294810786,8826,184,1503853.00,4136,46.86,13.00,5.65
12-December-2017,164.00,167.50,164.00,165.80,165.960270498732037193,1183,20,196331.00,1055,89.18,3.50,1.80
11-December-2017,172.55,178.00,165.00,166.10,171.268446943078004216,9961,71,1706005.00,1336,13.41,13.00,-6.45
8-December-2017,165.80,175.30,164.50,172.10,170.203751617076326002,1546,47,263135.00,1022,66.11,10.80,6.30
7-December-2017,167.55,171.90,164.60,165.20,165.684385382059800664,1204,35,199484.00,946,78.57,7.30,-2.35
6-December-2017,163.00,167.00,160.00,165.20,163.678493987778434851,5073,92,830341.00,2859,56.36,7.00,2.20
5-December-2017,172.60,172.60,163.80,166.80,168.281938325991189427,4540,114,764000.00,2905,63.99,8.80,-5.80
4-December-2017,174.10,180.45,171.00,171.85,174.347981604496678589,1957,47,341199.00,1215,62.08,9.45,-2.25
1-December-2017,187.65,188.00,172.35,176.05,180.548678720445062586,14380,256,2596290.00,7551,52.51,15.65,-11.60
30-November-2017,178.70,188.00,177.50,185.75,184.676173101172430445,37273,514,6883435.00,13711,36.79,10.50,7.05
29-November-2017,170.65,187.25,170.65,178.15,183.879555134879318504,139458,772,25643475.00,107989,77.43,16.60,7.50
28-November-2017,182.00,182.00,168.10,169.80,171.855304101838755304,7070,164,1215017.00,5452,77.11,13.90,-12.20
27-November-2017,179.00,191.50,178.05,181.15,184.887595738308159685,23371,419,4321008.00,10938,46.80,13.45,2.15
24-November-2017,179.80,190.00,175.00,177.80,181.553782540329625531,51513,1369,9352380.00,21224,41.20,15.00,-2.00
23-November-2017,159.20,185.20,155.00,177.60,176.184400514557244493,76182,1255,13422080.00,27495,36.09,30.20,18.40
22-November-2017,148.00,159.80,148.00,155.45,154.412698412698412698,13482,235,2081792.00,7206,53.45,11.80,7.45
21-November-2017,142.75,149.80,141.30,146.45,144.732831836932783305,4121,97,596444.00,2156,52.32,8.50,3.70
20-November-2017,141.00,142.70,140.05,141.00,140.896676737160120845,1655,15,233184.00,1150,69.49,2.65,0.00
17-November-2017,143.00,144.60,141.50,142.50,142.980861244019138755,3762,75,537894.00,2100,55.82,3.10,-0.50
16-November-2017,142.25,142.25,140.70,140.70,140.846341463414634146,410,6,57747.00,410,100.00,1.55,-1.55
15-November-2017,138.50,145.00,138.05,141.55,141.375286041189931350,1748,39,247124.00,1241,71.00,6.95,3.05
14-November-2017,145.50,147.50,142.00,143.45,144.733729338842975206,3872,60,560409.00,2353,60.77,5.50,-2.05
13-November-2017,151.10,151.10,142.00,144.70,144.067484662576687116,652,14,93932.00,603,92.48,9.10,-6.40
10-November-2017,149.65,149.65,142.00,142.65,142.906448683015440508,2202,31,314680.00,1619,73.52,7.65,-7.00
9-November-2017,143.15,145.00,142.00,143.95,143.302968960863697705,1482,34,212375.00,772,52.09,3.00,0.80
8-November-2017,145.70,145.70,141.95,142.10,142.702487562189054726,1005,24,143416.00,748,74.43,3.75,-3.60
7-November-2017,148.55,148.55,144.30,144.80,146.919287211740041928,2862,41,420483.00,1817,63.49,4.25,-3.75
6-November-2017,150.35,151.85,147.15,149.35,149.977815699658703071,1172,26,175774.00,784,66.89,4.70,-1.00
3-November-2017,144.35,154.85,141.90,147.55,148.230575599932874643,11918,255,1766612.00,5452,45.75,12.95,3.20
2-November-2017,144.65,146.00,141.70,143.70,143.110773323199695990,5263,92,753192.00,3278,62.28,4.30,-0.95
1-November-2017,147.10,150.30,146.15,146.20,147.366917293233082706,1330,41,195998.00,887,66.69,4.15,-0.90
31-October-2017,146.15,148.90,146.00,146.10,146.829821717990275526,617,18,90594.00,300,48.62,2.90,-0.05
30-October-2017,148.40,149.00,145.10,146.40,147.171722643553629469,1846,42,271679.00,1329,71.99,3.90,-2.00
27-October-2017,147.90,151.95,147.90,150.20,150.094786729857819905,211,10,31670.00,162,76.78,4.05,2.30
26-October-2017,152.35,153.00,150.00,150.05,150.817925856405443453,2131,37,321393.00,1655,77.66,3.00,-2.30
25-October-2017,150.90,155.30,150.50,152.10,152.289855072463768115,2070,48,315240.00,1333,64.40,4.80,1.20
24-October-2017,157.60,157.60,153.10,154.00,154.569459172852598091,943,38,145759.00,501,53.13,4.50,-3.60
23-October-2017,159.80,164.00,157.15,158.70,160.451650713029888650,10238,220,1642704.00,5320,51.96,6.85,-1.10
19-October-2017,148.70,158.00,143.00,154.75,151.910332672394800616,13617,206,2068563.00,7717,56.67,15.00,6.05
18-October-2017,154.00,154.00,146.00,148.00,150.241046482092964185,3937,64,591499.00,2671,67.84,8.00,-6.00
17-October-2017,153.75,158.45,148.35,152.00,154.841350301984469370,9272,247,1435689.00,2265,24.43,10.10,-1.75
16-October-2017,158.00,161.00,153.85,155.90,156.533672670321064996,5108,123,799574.00,2714,53.13,7.15,-2.10
13-October-2017,163.00,163.00,155.55,156.30,158.481197116891256659,6382,126,1011427.00,3700,57.98,7.45,-6.70
12-October-2017,169.35,169.50,157.90,161.00,163.682853315472203616,2986,74,488757.00,2079,69.62,11.60,-8.35
11-October-2017,173.85,180.00,162.20,165.70,174.719432794088276413,25035,415,4374101.00,10839,43.30,17.80,-8.15
10-October-2017,170.90,180.00,170.90,173.80,174.553442028985507246,28704,409,5010382.00,19388,67.54,9.10,2.90
9-October-2017,169.00,174.10,165.50,170.05,169.551531279599476794,22171,337,3759127.00,12155,54.82,8.60,1.05
6-October-2017,169.00,176.15,163.00,166.90,170.857512953367875647,44776,851,7650316.00,19618,43.81,13.15,-2.10
5-October-2017,159.75,174.00,156.00,170.10,166.293355549510337323,29408,657,4890355.00,13704,46.60,18.00,10.35
4-October-2017,151.05,164.70,151.05,157.65,158.889918044711701663,20621,398,3276469.00,8172,39.63,13.65,6.60
3-October-2017,153.00,157.05,147.00,154.45,153.876188896261888962,18084,295,2782697.00,8933,49.40,10.05,1.45
29-September-2017,136.65,163.85,136.65,152.10,157.298705120659211300,54368,576,8552016.00,18139,33.36,27.20,15.45
28-September-2017,130.00,140.00,130.00,136.55,133.781146179401993355,4816,90,644290.00,3135,65.10,10.00,6.55
27-September-2017,132.45,132.45,129.00,130.10,130.537421100090171325,3327,35,434298.00,2506,75.32,3.45,-2.35
26-September-2017,131.75,133.80,130.20,131.25,131.352229780801209372,1323,23,173779.00,634,47.92,3.60,-0.50
25-September-2017,135.50,135.50,130.05,132.00,131.721721027064538514,1441,31,189811.00,762,52.88,5.45,-3.50
22-September-2017,138.95,140.35,135.00,135.70,136.258259325044404973,2815,45,383567.00,2194,77.94,5.35,-3.25
21-September-2017,140.10,141.50,137.70,139.80,140.134615384615384615,2652,63,371637.00,2074,78.21,3.80,-0.30
20-September-2017,139.70,142.05,139.65,139.85,140.360000000000000000,575,14,80707.00,300,52.17,2.40,0.15
19-September-2017,140.20,140.60,138.10,139.25,139.707598371777476255,1474,36,205929.00,1022,69.34,2.50,-0.95
18-September-2017,140.00,142.00,138.00,140.00,139.887456774599182646,3181,47,444982.00,2528,79.47,4.00,0.00
15-September-2017,138.00,140.00,136.90,139.35,139.123703319502074688,3856,51,536461.00,2701,70.05,3.10,1.35
14-September-2017,140.55,140.60,135.45,136.90,138.320811744386873920,2316,51,320351.00,900,38.86,5.15,-3.65
13-September-2017,143.50,143.50,136.70,138.65,140.246011131725417439,2695,47,377963.00,1769,65.64,6.80,-4.85
12-September-2017,139.00,144.60,139.00,142.15,141.797250109122653862,4582,63,649715.00,3309,72.22,5.60,3.15
11-September-2017,147.45,147.45,141.05,142.05,144.332423208191126279,1465,37,211447.00,752,51.33,6.40,-5.40
8-September-2017,147.95,148.50,143.95,145.40,145.849695121951219512,3280,78,478387.00,1940,59.15,4.55,-2.55
7-September-2017,151.50,151.60,147.10,148.60,149.456828885400313971,3822,63,571224.00,2616,68.45,4.50,-2.90
6-September-2017,150.40,152.15,148.10,148.50,150.202453987730061349,2119,48,318279.00,1417,66.87,4.05,-1.90
5-September-2017,152.50,152.50,148.10,149.20,150.694502074688796680,1928,48,290539.00,1035,53.68,4.40,-3.30
4-September-2017,153.90,155.20,148.10,153.15,151.939593689215474389,9254,228,1406049.00,3483,37.64,7.10,-0.75
1-September-2017,147.75,151.00,147.75,150.50,150.003119151590767311,3206,47,480910.00,1938,60.45,3.25,2.75
31-August-2017,149.00,150.20,147.05,147.55,148.548045305078553160,2737,47,406576.00,1229,44.90,3.15,-1.45
30-August-2017,146.50,149.85,146.50,148.05,147.862641008626410086,1507,34,222829.00,1114,73.92,3.35,1.55
29-August-2017,147.65,150.40,144.15,145.55,147.343869274809160305,8384,146,1235331.00,4346,51.84,6.25,-2.10
28-August-2017,144.60,149.75,143.10,147.05,145.763842281879194630,2384,59,347501.00,1161,48.70,6.65,2.45
24-August-2017,140.45,146.90,140.00,143.55,143.765653460837887067,35136,425,5051350.00,23203,66.04,6.90,3.10
23-August-2017,141.50,144.00,138.30,142.90,141.334685598377281947,4930,114,696780.00,3069,62.25,5.70,1.40
22-August-2017,145.05,150.10,139.35,140.30,144.552314814814814814,28080,580,4059029.00,10294,36.66,10.75,-4.75
21-August-2017,140.20,142.05,137.00,137.50,139.970060117070083847,25284,247,3539003.00,18509,73.20,5.05,-2.70
18-August-2017,136.00,140.30,134.00,138.20,137.280167659386719611,13599,112,1866873.00,8713,64.07,6.30,2.20
17-August-2017,140.30,140.30,135.00,136.10,137.025305895439377085,3596,67,492743.00,2378,66.13,5.30,-4.20
16-August-2017,139.95,142.20,135.10,137.50,138.960192175703500343,1457,54,202465.00,588,40.36,7.10,-2.45
14-August-2017,128.05,141.00,128.05,137.70,138.420464700625558534,2238,63,309785.00,835,37.31,12.95,9.65
11-August-2017,137.35,141.00,132.00,134.20,135.677031228876571583,29588,679,4014412.00,14541,49.14,9.00,-3.15
10-August-2017,146.10,146.90,131.15,134.95,139.548833660344451711,9174,148,1280221.00,3798,41.40,15.75,-11.15
9-August-2017,141.00,151.90,135.65,144.60,143.805346930338317370,14513,280,2087047.00,7167,49.38,16.25,3.60
8-August-2017,146.00,146.00,133.00,141.95,139.090432623787412073,21751,258,3025356.00,9732,44.74,13.00,-4.05
7-August-2017,150.50,150.50,145.00,145.55,146.862556390977443609,3325,73,488318.00,1824,54.86,5.50,-4.95
4-August-2017,152.85,152.90,146.55,149.15,149.988613760481314618,142277,50,21339930.00,140633,98.84,6.35,-3.70
3-August-2017,153.65,154.60,149.85,150.70,153.076923076923076923,2899,67,443770.00,1958,67.54,4.75,-2.95
2-August-2017,155.50,159.15,153.00,154.65,156.484222604704532415,3486,77,545504.00,1302,37.35,6.15,-0.85
1-August-2017,159.40,160.00,153.65,155.95,157.177335819349492438,4827,102,758695.00,2365,49.00,6.35,-3.45
31-July-2017,159.75,162.15,158.15,159.50,160.054900444616276821,5173,114,827964.00,3565,68.92,4.00,-0.25
28-July-2017,162.70,167.30,158.50,160.35,162.941548183254344391,10128,233,1650272.00,3640,35.94,8.80,-2.35
27-July-2017,170.95,170.95,159.60,161.40,164.222372952102681832,19166,262,3147486.00,3727,19.45,11.35,-9.55
26-July-2017,169.00,174.00,168.00,170.20,171.399939251930920767,23046,772,3950083.00,12461,54.07,6.00,1.20
25-July-2017,170.40,173.00,166.35,170.55,169.705477908025247971,8872,244,1505627.00,4050,45.65,6.65,0.15
24-July-2017,171.00,175.00,168.50,169.70,171.538355026308501800,14444,277,2477700.00,8504,58.88,6.50,-1.30
21-July-2017,175.00,175.40,167.40,170.75,170.418659850283001643,10954,249,1866766.00,4910,44.82,8.00,-4.25
20-July-2017,172.70,180.80,165.00,173.35,174.726071453541215129,14303,473,2499107.00,5676,39.68,15.80,0.65
19-July-2017,163.00,174.90,163.00,172.15,170.959150378062937282,31873,821,5448981.00,14034,44.03,11.90,9.15
18-July-2017,157.00,164.00,157.00,161.55,160.040966137816717973,8446,140,1351706.00,5097,60.35,7.00,4.55
17-July-2017,153.00,162.00,143.50,159.60,154.908573380393942844,17566,420,2721124.00,5136,29.24,18.50,6.60
14-July-2017,153.00,154.30,147.70,152.25,151.724928909952606635,5275,92,800349.00,3105,58.86,6.60,-0.75
13-July-2017,152.00,155.00,150.65,153.20,153.439544392523364485,3424,92,525377.00,2119,61.89,4.35,1.20
12-July-2017,150.85,154.55,147.95,153.75,151.988545246277205040,6111,115,928802.00,4106,67.19,6.60,2.90
11-July-2017,148.60,153.50,145.95,149.25,149.125083724045545880,5972,161,890575.00,2748,46.01,7.55,0.65
10-July-2017,142.25,155.80,142.25,148.80,150.637118754055807916,7705,134,1160659.00,4555,59.12,13.55,6.55
7-July-2017,150.25,152.00,146.20,149.90,148.846071159840911533,9303,296,1384715.00,4081,43.87,5.80,-0.35
6-July-2017,151.95,154.30,145.35,149.95,149.503524321306441482,14329,353,2142236.00,5725,39.95,8.95,-2.00
5-July-2017,158.00,158.50,146.20,149.95,151.411887040280210157,27408,672,4149897.00,12141,44.30,12.30,-8.05
4-July-2017,137.00,162.00,137.00,156.80,156.062580794481419386,177147,1687,27646018.00,118344,66.81,25.00,19.80
3-July-2017,133.80,136.90,133.25,136.40,135.450779727095516569,6156,104,833835.00,4428,71.93,3.65,2.60
30-June-2017,130.50,136.35,129.75,131.85,132.706435381355932203,15104,285,2004398.00,7292,48.28,6.60,1.35
29-June-2017,131.20,137.00,129.65,132.35,131.179346141927486829,167804,339,22012419.00,137965,82.22,7.35,1.15
28-June-2017,132.00,134.05,127.00,128.95,130.037791555949217596,10161,211,1321314.00,5078,49.98,7.05,-3.05
27-June-2017,143.70,143.70,131.00,133.75,135.093216428241808952,10835,245,1463735.00,5725,52.84,12.70,-9.95
23-June-2017,147.75,150.65,142.00,143.40,146.137713622034179525,6027,259,880772.00,2326,38.59,8.65,-4.35
22-June-2017,157.05,158.10,145.50,147.20,149.391871517535234349,15255,326,2278973.00,8322,54.55,12.60,-9.85
21-June-2017,161.00,162.00,154.00,156.40,157.346559578038839606,8342,201,1312585.00,4260,51.07,8.00,-4.60
20-June-2017,164.10,165.00,161.85,162.55,163.279648164998483469,3297,70,538333.00,2075,62.94,3.15,-1.55
19-June-2017,164.00,166.40,162.95,164.95,164.367218987908643081,6699,120,1101096.00,4097,61.16,3.45,0.95
16-June-2017,167.00,169.50,162.25,166.20,165.767313915857605177,18540,285,3073326.00,12358,66.66,7.25,-0.80
15-June-2017,162.90,167.00,159.15,164.55,162.381448412698412698,12096,324,1964166.00,4275,35.34,7.85,1.65
14-June-2017,179.80,182.35,159.25,161.75,173.467199530688567866,68185,1255,11827861.00,29972,43.96,23.10,-18.05
13-June-2017,172.80,178.00,166.50,175.35,175.234169001899531699,53171,1085,9317376.00,13854,26.06,11.50,2.55
12-June-2017,156.50,177.00,151.60,173.30,166.110393293058809024,81110,1248,13473214.00,27784,34.25,25.40,16.80
9-June-2017,157.00,159.40,152.00,156.90,155.816670230966638152,18704,289,2914395.00,8348,44.63,7.40,-0.10
8-June-2017,154.90,158.40,149.35,156.25,154.879953177837509754,23066,482,3572461.00,10719,46.47,9.05,1.35
7-June-2017,148.10,155.00,147.60,153.50,151.712862773199570046,13955,235,2117153.00,8422,60.35,7.40,5.40
6-June-2017,152.00,152.00,143.55,147.05,146.605592347314201618,10872,203,1593896.00,5451,50.14,8.45,-4.95
5-June-2017,137.00,154.50,137.00,152.05,151.901450589301903898,44120,557,6701892.00,11726,26.58,17.50,15.05
2-June-2017,145.45,150.10,144.90,147.35,148.353522274972426029,41706,402,6187232.00,26661,63.93,5.20,1.90
1-June-2017,134.90,145.00,133.00,142.65,139.648439254435212216,26718,539,3731127.00,14900,55.77,12.00,7.75
31-May-2017,131.75,136.55,131.75,136.10,135.287478460654796094,3482,51,471071.00,2780,79.84,4.80,4.35
30-May-2017,132.70,136.80,131.00,133.80,134.126151753138334054,16171,220,2168954.00,8625,53.34,5.80,1.10
29-May-2017,131.00,137.95,130.00,134.30,133.040497651390123143,15754,383,2095920.00,7824,49.66,7.95,3.30
26-May-2017,128.00,138.05,127.50,132.40,133.477304446068983850,15047,260,2008433.00,8484,56.38,10.55,4.40
25-May-2017,125.40,130.50,123.00,128.10,126.083358024691358024,10125,157,1276594.00,6362,62.83,7.50,2.70
24-May-2017,127.20,128.00,121.75,123.35,125.341518872214643019,4398,112,551252.00,3628,82.49,6.25,-3.85
23-May-2017,131.00,131.00,126.55,127.50,127.848058177317035432,6463,100,826282.00,4427,68.50,4.45,-3.50
22-May-2017,129.00,133.50,126.45,131.40,129.057734627831715210,15450,217,1993942.00,8474,54.85,7.05,2.40
19-May-2017,132.20,137.80,126.45,130.15,129.614683135172573011,8663,179,1122852.00,2642,30.50,11.35,-2.05
18-May-2017,130.00,134.45,125.00,130.85,128.659012345679012345,40500,465,5210690.00,23233,57.37,9.45,0.85
17-May-2017,125.60,136.25,125.60,134.45,133.129253824539494224,28827,413,3837717.00,20226,70.16,10.65,8.85
16-May-2017,132.00,134.30,124.60,126.90,128.773857767183154549,12585,254,1620619.00,8272,65.73,9.70,-5.10
15-May-2017,128.00,137.60,127.90,133.85,133.896106200972562382,56346,681,7544510.00,21055,37.37,9.70,5.85
12-May-2017,117.50,128.00,116.70,124.65,123.479369138959931798,23460,262,2896826.00,11923,50.82,11.30,7.15
11-May-2017,113.15,120.10,111.70,118.75,118.289624165175258631,22909,234,2709897.00,14979,65.38,8.40,5.60
10-May-2017,111.60,115.20,109.00,113.60,113.035200205174237809,31193,273,3525907.00,21477,68.85,6.20,2.00
9-May-2017,113.45,115.00,110.55,111.75,112.271604938271604938,2430,67,272820.00,1615,66.46,4.45,-1.70
8-May-2017,109.00,114.10,107.05,112.70,110.708089546167007669,83577,808,9252650.00,52908,63.30,7.05,3.70
5-May-2017,115.00,117.40,108.10,109.65,111.539896799282081962,53488,646,5966046.00,30388,56.81,9.30,-5.35
4-May-2017,98.20,115.25,97.95,112.65,109.220821289743845310,80264,1014,8766500.00,39839,49.63,17.30,14.45
3-May-2017,101.00,101.00,98.20,98.35,99.109856576136710405,3277,51,324783.00,2732,83.37,2.80,-2.65
2-May-2017,102.80,103.50,98.00,98.35,100.245087420702460157,6463,158,647884.00,4409,68.22,5.50,-4.45
28-April-2017,106.85,107.30,104.15,104.90,105.489231229434639545,6686,128,705301.00,2559,38.27,3.15,-1.95
27-April-2017,104.70,106.35,102.50,104.15,104.100157109190887666,2546,51,265039.00,2193,86.14,3.85,-0.55
26-April-2017,107.10,107.10,103.00,105.50,105.226598226784881007,10715,102,1127503.00,8575,80.03,4.10,-1.60
25-April-2017,102.45,111.00,102.45,107.05,108.640813991500490356,12236,195,1329329.00,4504,36.81,8.55,4.60
24-April-2017,108.50,110.00,102.00,106.00,105.788387920034028073,4702,73,497417.00,2578,54.83,8.00,-2.50
21-April-2017,108.50,112.00,106.00,107.65,107.137292773217447287,12426,121,1331288.00,7665,61.69,6.00,-0.85
20-April-2017,109.00,111.95,108.60,111.15,110.392817371937639198,3592,26,396531.00,2345,65.28,3.35,2.15
19-April-2017,107.00,109.30,106.50,107.80,107.651797428496457622,3811,61,410261.00,1158,30.39,2.80,0.80
18-April-2017,109.55,112.70,108.85,109.00,110.916114968512837074,12386,140,1373807.00,10235,82.63,3.85,-0.55
17-April-2017,110.50,112.70,107.80,109.70,108.735997306094960152,8909,146,968729.00,5618,63.06,4.90,-0.80
13-April-2017,110.00,113.00,109.00,110.50,110.830539193475305845,2207,57,244603.00,1413,64.02,4.00,0.50
12-April-2017,112.00,112.35,108.80,110.60,109.859639968692929819,3833,83,421092.00,2596,67.73,3.55,-1.40
11-April-2017,115.00,116.40,111.35,113.10,112.951456310679611650,1236,49,139608.00,832,67.31,5.05,-1.90
10-April-2017,115.90,119.45,112.60,115.35,116.448275862068965517,17574,137,2046462.00,12612,71.77,6.85,-0.55
7-April-2017,110.60,120.70,110.00,113.35,116.368823964497041420,27040,403,3146613.00,14567,53.87,10.70,2.75
6-April-2017,106.70,113.00,105.50,111.75,109.366768138001014713,19710,380,2155619.00,13815,70.09,7.50,5.05
5-April-2017,102.00,110.30,102.00,105.65,107.108463325589113840,15065,209,1613589.00,11215,74.44,8.30,3.65
3-April-2017,104.00,104.05,101.80,103.50,103.110115020297699594,5912,57,609587.00,5070,85.76,2.25,-0.50
31-March-2017,98.55,104.40,98.55,100.30,102.729653065677503818,4583,85,470810.00,3778,82.44,5.85,1.75
30-March-2017,97.00,105.00,95.00,103.45,103.004242473688504528,12257,215,1262523.00,7211,58.83,10.00,6.45
29-March-2017,93.85,96.60,93.00,95.95,95.153985806238653243,18177,97,1729614.00,16217,89.22,3.60,2.10
28-March-2017,95.25,96.60,94.65,95.60,95.402130492676431424,6759,67,644823.00,6631,98.11,1.95,0.35
27-March-2017,96.50,96.90,92.60,95.00,95.139162561576354679,3248,72,309012.00,2769,85.25,4.30,-1.50
24-March-2017,95.90,105.60,95.00,95.80,96.544341230908395087,28743,165,2774974.00,21029,73.16,10.60,-0.10
23-March-2017,97.30,97.70,95.85,96.00,96.740380332362514990,29185,69,2823368.00,28880,98.95,1.85,-1.30
22-March-2017,98.10,98.10,95.00,95.25,96.116655313351498637,5872,117,564397.00,4538,77.28,3.10,-2.85
21-March-2017,98.20,101.00,98.20,99.90,99.949865410497981157,11888,109,1188204.00,9277,78.04,2.80,1.70
20-March-2017,101.30,101.40,98.00,98.05,98.486666666666666666,750,26,73865.00,521,69.47,3.40,-3.25
17-March-2017,103.45,103.50,99.00,99.50,100.968500948766603415,2635,38,266052.00,2376,90.17,4.50,-3.95
16-March-2017,101.40,104.90,98.70,101.25,101.557614098508811568,4426,142,449494.00,2211,49.95,6.20,-0.15
15-March-2017,99.00,100.70,97.10,99.45,98.989559691330004539,6609,128,654222.00,3952,59.80,3.60,0.45
14-March-2017,105.45,105.45,99.60,101.45,102.639673571876961707,1593,78,163505.00,1179,74.01,5.85,-4.00
10-March-2017,106.00,106.00,102.30,104.10,104.457500306635594259,8153,120,851642.00,3827,46.94,3.70,-1.90
9-March-2017,104.90,108.00,102.25,103.85,105.762303980699638118,16580,324,1753539.00,8824,53.22,5.75,-1.05
8-March-2017,91.70,98.30,87.20,98.30,94.933071938136470075,18363,175,1743256.00,15392,83.82,11.10,6.60
7-March-2017,89.75,92.00,89.30,89.40,90.129585190263969832,2917,85,262908.00,2066,70.83,2.70,-0.35
6-March-2017,90.75,91.85,90.50,90.95,90.911047345767575322,3485,23,316825.00,3458,99.23,1.35,0.20
3-March-2017,95.50,95.50,89.75,90.75,90.487210967873951299,4887,65,442211.00,2705,55.35,5.75,-4.75
2-March-2017,94.95,94.95,91.80,92.45,93.026698147475481293,5506,47,512205.00,3730,67.74,3.15,-2.50
1-March-2017,94.00,94.00,92.00,93.05,93.554426421731483290,5117,72,478718.00,3758,73.44,2.00,-0.95
28-February-2017,98.30,98.30,92.00,93.40,94.433001107419712070,903,29,85273.00,628,69.55,6.30,-4.90
27-February-2017,94.00,96.20,92.50,94.55,94.510537532559791617,4223,82,399118.00,3189,75.52,3.70,0.55
23-February-2017,97.10,97.10,94.00,94.05,94.739481512962175945,2353,40,222922.00,2352,99.96,3.10,-3.05
22-February-2017,95.95,96.50,94.25,94.50,95.366201648700063411,3154,56,300785.00,2571,81.52,2.25,-1.45
21-February-2017,93.40,94.35,90.05,93.05,92.033976746811152500,8859,198,815329.00,3248,36.66,4.30,-0.35
20-February-2017,94.25,98.75,92.20,93.40,94.483356133150934792,6579,158,621606.00,4173,63.43,6.55,-0.85
17-February-2017,96.70,98.25,91.20,97.05,96.236791852323360916,1571,50,151188.00,1110,70.66,7.05,0.35
16-February-2017,99.85,99.90,95.05,97.00,97.340951492537313432,2144,41,208699.00,1872,87.31,4.85,-2.85
15-February-2017,100.60,102.65,94.00,95.35,98.021641898715914009,6931,121,679388.00,4612,66.54,8.65,-5.25
14-February-2017,103.00,104.00,101.00,102.70,102.811094890510948905,3425,73,352128.00,2880,84.09,3.00,-0.30
13-February-2017,104.90,105.50,102.60,102.85,104.142857142857142857,4550,87,473850.00,3205,70.44,2.90,-2.05
10-February-2017,101.55,103.75,101.00,102.35,101.675761421319796954,1576,34,160241.00,1314,83.38,2.75,0.80
9-February-2017,101.35,102.50,101.15,101.50,101.892613636363636363,1760,47,179331.00,1450,82.39,1.35,0.15
8-February-2017,102.95,102.95,101.05,102.10,102.276757880152407343,2887,40,295273.00,1968,68.17,1.90,-0.85
7-February-2017,105.00,105.00,96.65,103.75,102.282451827769407659,12611,61,1289884.00,6695,53.09,8.35,-1.25
6-February-2017,103.05,105.40,101.80,102.35,102.792979759159620804,3903,49,401201.00,2722,69.74,3.60,-0.70
3-February-2017,104.60,105.40,103.00,104.55,104.260982753010087862,3073,26,320394.00,2941,95.70,2.40,-0.05
2-February-2017,107.00,107.00,103.05,105.10,104.738154613466334164,2807,39,294000.00,910,32.42,3.95,-1.90
1-February-2017,100.35,105.20,100.35,104.85,103.371675531914893617,1504,25,155471.00,1164,77.39,4.85,4.50
31-January-2017,103.40,104.80,102.00,102.10,103.081532416502946954,3054,74,314811.00,2448,80.16,2.80,-1.30
30-January-2017,106.00,106.00,104.30,104.95,104.777777777777777777,540,23,56580.00,540,100.00,1.70,-1.05
27-January-2017,106.00,107.00,104.35,105.85,106.081579474844658248,4989,26,529241.00,4486,89.92,2.65,-0.15
25-January-2017,105.00,108.65,103.00,106.75,105.953578915843066786,6678,119,707558.00,5640,84.46,5.65,1.75
24-January-2017,103.10,106.30,103.00,104.85,104.467094703049759229,1869,89,195249.00,1772,94.81,3.30,1.75
23-January-2017,102.50,104.15,102.10,103.05,102.598360655737704918,244,25,25034.00,212,86.89,2.05,0.55
20-January-2017,107.05,107.10,101.10,102.65,102.522591809267448567,5201,65,533220.00,3992,76.75,6.00,-4.40
19-January-2017,106.60,107.00,104.00,104.50,105.737799834574028122,1209,33,127837.00,991,81.97,3.00,-2.10
18-January-2017,108.45,109.80,107.20,107.95,108.185161455663762173,7804,177,844277.00,5045,64.65,2.60,-0.50
17-January-2017,106.00,108.90,105.80,107.85,107.758594917787742899,1338,23,144181.00,939,70.18,3.10,1.85
16-January-2017,107.40,108.00,105.80,105.80,106.715248226950354609,2820,39,300937.00,821,29.11,2.20,-1.60
13-January-2017,106.00,108.25,106.00,106.25,106.984724292101341281,2684,23,287147.00,2277,84.84,2.25,0.25
12-January-2017,110.40,110.85,106.00,107.75,108.094945054945054945,6825,62,737748.00,2239,32.81,4.85,-2.65
11-January-2017,110.95,111.00,108.85,109.05,109.399576046634870164,1887,41,206437.00,1509,79.97,2.15,-1.90
10-January-2017,112.00,112.00,109.60,110.05,110.494782608695652173,2300,33,254138.00,1775,77.17,2.40,-1.95
9-January-2017,114.90,115.20,109.00,109.75,111.687382739212007504,8528,150,952470.00,6689,78.44,6.20,-5.15
6-January-2017,110.10,110.10,107.80,110.10,110.048718874052688560,2771,34,304945.00,2045,73.80,2.30,0.00
5-January-2017,101.00,104.90,100.00,104.90,103.352346642649854898,9993,147,1032800.00,5969,59.73,4.90,3.90
4-January-2017,99.50,102.00,99.50,99.95,100.293226381461675579,4488,101,450116.00,3422,76.25,2.50,0.45
3-January-2017,102.00,102.00,100.05,100.65,100.784908657664813343,6295,101,634441.00,4205,66.80,1.95,-1.35
2-January-2017,104.00,104.00,99.00,101.65,101.302024439175633777,5483,182,555439.00,5062,92.32,5.00,-2.35
